<?xml version="1.0" encoding="UTF-8"?>
<GenRun Id="impl_1" LaunchPart="xc7s50csga324-1" LaunchTime="1665732208">
  <File Type="ROUTE-PWR" Name="Seg7_Display_power_routed.rpt"/>
  <File Type="PA-TCL" Name="Seg7_Display.tcl"/>
  <File Type="BITSTR-MMI" Name="Seg7_Display.mmi"/>
  <File Type="OPT-METHODOLOGY-DRC" Name="Seg7_Display_methodology_drc_opted.rpt"/>
  <File Type="INIT-TIMING" Name="Seg7_Display_timing_summary_init.rpt"/>
  <File Type="ROUTE-PWR-SUM" Name="Seg7_Display_power_summary_routed.pb"/>
  <File Type="REPORTS-TCL" Name="Seg7_Display_reports.tcl"/>
  <File Type="OPT-TIMING" Name="Seg7_Display_timing_summary_opted.rpt"/>
  <File Type="OPT-DCP" Name="Seg7_Display_opt.dcp"/>
  <File Type="OPT-DRC" Name="Seg7_Display_drc_opted.rpt"/>
  <File Type="OPT-HWDEF" Name="Seg7_Display.hwdef"/>
  <File Type="PWROPT-DCP" Name="Seg7_Display_pwropt.dcp"/>
  <File Type="PWROPT-DRC" Name="Seg7_Display_drc_pwropted.rpt"/>
  <File Type="PWROPT-TIMING" Name="Seg7_Display_timing_summary_pwropted.rpt"/>
  <File Type="PLACE-DCP" Name="Seg7_Display_placed.dcp"/>
  <File Type="PLACE-IO" Name="Seg7_Display_io_placed.rpt"/>
  <File Type="PLACE-CLK" Name="Seg7_Display_clock_utilization_placed.rpt"/>
  <File Type="PLACE-UTIL" Name="Seg7_Display_utilization_placed.rpt"/>
  <File Type="PLACE-UTIL-PB" Name="Seg7_Display_utilization_placed.pb"/>
  <File Type="PLACE-CTRL" Name="Seg7_Display_control_sets_placed.rpt"/>
  <File Type="PLACE-SIMILARITY" Name="Seg7_Display_incremental_reuse_placed.rpt"/>
  <File Type="PLACE-PRE-SIMILARITY" Name="Seg7_Display_incremental_reuse_pre_placed.rpt"/>
  <File Type="BG-BIN" Name="Seg7_Display.bin"/>
  <File Type="PLACE-TIMING" Name="Seg7_Display_timing_summary_placed.rpt"/>
  <File Type="POSTPLACE-PWROPT-DCP" Name="Seg7_Display_postplace_pwropt.dcp"/>
  <File Type="BITSTR-MSK" Name="Seg7_Display.msk"/>
  <File Type="POSTPLACE-PWROPT-TIMING" Name="Seg7_Display_timing_summary_postplace_pwropted.rpt"/>
  <File Type="PHYSOPT-DCP" Name="Seg7_Display_physopt.dcp"/>
  <File Type="PHYSOPT-DRC" Name="Seg7_Display_drc_physopted.rpt"/>
  <File Type="BITSTR-RBT" Name="Seg7_Display.rbt"/>
  <File Type="PHYSOPT-TIMING" Name="Seg7_Display_timing_summary_physopted.rpt"/>
  <File Type="ROUTE-ERROR-DCP" Name="Seg7_Display_routed_error.dcp"/>
  <File Type="ROUTE-DCP" Name="Seg7_Display_routed.dcp"/>
  <File Type="ROUTE-BLACKBOX-DCP" Name="Seg7_Display_routed_bb.dcp"/>
  <File Type="ROUTE-DRC" Name="Seg7_Display_drc_routed.rpt"/>
  <File Type="ROUTE-DRC-PB" Name="Seg7_Display_drc_routed.pb"/>
  <File Type="ROUTE-DRC-RPX" Name="Seg7_Display_drc_routed.rpx"/>
  <File Type="ROUTE-METHODOLOGY-DRC" Name="Seg7_Display_methodology_drc_routed.rpt"/>
  <File Type="ROUTE-METHODOLOGY-DRC-RPX" Name="Seg7_Display_methodology_drc_routed.rpx"/>
  <File Type="ROUTE-METHODOLOGY-DRC-PB" Name="Seg7_Display_methodology_drc_routed.pb"/>
  <File Type="ROUTE-PWR-RPX" Name="Seg7_Display_power_routed.rpx"/>
  <File Type="ROUTE-STATUS" Name="Seg7_Display_route_status.rpt"/>
  <File Type="ROUTE-STATUS-PB" Name="Seg7_Display_route_status.pb"/>
  <File Type="ROUTE-TIMINGSUMMARY" Name="Seg7_Display_timing_summary_routed.rpt"/>
  <File Type="ROUTE-TIMING-PB" Name="Seg7_Display_timing_summary_routed.pb"/>
  <File Type="ROUTE-TIMING-RPX" Name="Seg7_Display_timing_summary_routed.rpx"/>
  <File Type="ROUTE-SIMILARITY" Name="Seg7_Display_incremental_reuse_routed.rpt"/>
  <File Type="ROUTE-CLK" Name="Seg7_Display_clock_utilization_routed.rpt"/>
  <File Type="ROUTE-BUS-SKEW" Name="Seg7_Display_bus_skew_routed.rpt"/>
  <File Type="ROUTE-BUS-SKEW-PB" Name="Seg7_Display_bus_skew_routed.pb"/>
  <File Type="ROUTE-BUS-SKEW-RPX" Name="Seg7_Display_bus_skew_routed.rpx"/>
  <File Type="POSTROUTE-PHYSOPT-DCP" Name="Seg7_Display_postroute_physopt.dcp"/>
  <File Type="POSTROUTE-PHYSOPT-BLACKBOX-DCP" Name="Seg7_Display_postroute_physopt_bb.dcp"/>
  <File Type="POSTROUTE-PHYSOPT-TIMING" Name="Seg7_Display_timing_summary_postroute_physopted.rpt"/>
  <File Type="POSTROUTE-PHYSOPT-TIMING-PB" Name="Seg7_Display_timing_summary_postroute_physopted.pb"/>
  <File Type="POSTROUTE-PHYSOPT-TIMING-RPX" Name="Seg7_Display_timing_summary_postroute_physopted.rpx"/>
  <File Type="POSTROUTE-PHYSOPT-BUS-SKEW" Name="Seg7_Display_bus_skew_postroute_physopted.rpt"/>
  <File Type="BG-BIT" Name="Seg7_Display.bit"/>
  <File Type="POSTROUTE-PHYSOPT-BUS-SKEW-PB" Name="Seg7_Display_bus_skew_postroute_physopted.pb"/>
  <File Type="POSTROUTE-PHYSOPT-BUS-SKEW-RPX" Name="Seg7_Display_bus_skew_postroute_physopted.rpx"/>
  <File Type="BITSTR-NKY" Name="Seg7_Display.nky"/>
  <File Type="BITSTR-BMM" Name="Seg7_Display_bd.bmm"/>
  <File Type="PDI-FILE" Name="Seg7_Display.pdi"/>
  <File Type="RCFI_FILE" Name="Seg7_Display.rcfi"/>
  <File Type="CFI_FILE" Name="Seg7_Display.cfi"/>
  <File Type="RNPI_FILE" Name="Seg7_Display.rnpi"/>
  <File Type="NPI_FILE" Name="Seg7_Display.npi"/>
  <File Type="RBD_FILE" Name="Seg7_Display.rbd"/>
  <File Type="BITSTR-LTX" Name="debug_nets.ltx"/>
  <File Type="BITSTR-LTX" Name="Seg7_Display.ltx"/>
  <File Type="BITSTR-SYSDEF" Name="Seg7_Display.sysdef"/>
  <File Type="BG-BGN" Name="Seg7_Display.bgn"/>
  <File Type="BG-DRC" Name="Seg7_Display.drc"/>
  <File Type="RDI-RDI" Name="Seg7_Display.vdi"/>
  <File Type="WBT-USG" Name="usage_statistics_webtalk.html"/>
  <File Type="ROUTE-RQS" Name="Seg7_Display_routed.rqs"/>
  <File Type="POSTROUTE-PHYSOPT-RQS" Name="Seg7_Display_postroute_physopted.rqs"/>
  <File Type="ROUTE-RQS-RPT" Name="route_report_qor_suggestions_0.rpt"/>
  <File Type="POSTROUTE-PHYSOPT-RQS-RPT" Name="postroute_physopt_report_qor_suggestions_0.rpt"/>
  <FileSet Name="sources" Type="DesignSrcs" RelSrcDir="$PSRCDIR/sources_1" RelGenDir="$PGENDIR/sources_1">
    <Filter Type="Srcs"/>
    <File Path="$PSRCDIR/sources_1/new/Seg7_Decoder.vhd">
      <FileInfo>
        <Attr Name="UsedIn" Val="synthesis"/>
        <Attr Name="UsedIn" Val="simulation"/>
      </FileInfo>
    </File>
    <File Path="$PSRCDIR/sources_1/new/Seg7_Display.vhd">
      <FileInfo>
        <Attr Name="UsedIn" Val="synthesis"/>
        <Attr Name="UsedIn" Val="simulation"/>
      </FileInfo>
    </File>
    <Config>
      <Option Name="DesignMode" Val="RTL"/>
      <Option Name="TopModule" Val="Seg7_Display"/>
      <Option Name="TopAutoSet" Val="TRUE"/>
    </Config>
  </FileSet>
  <FileSet Name="constrs_in" Type="Constrs" RelSrcDir="$PSRCDIR/constrs_1">
    <Filter Type="Constrs"/>
    <File Path="$PSRCDIR/constrs_1/imports/Downloads/project1.xdc">
      <FileInfo>
        <Attr Name="ImportPath" Val="$PPRDIR/../../Downloads/project1.xdc"/>
        <Attr Name="ImportTime" Val="1664519375"/>
        <Attr Name="UsedIn" Val="synthesis"/>
        <Attr Name="UsedIn" Val="implementation"/>
      </FileInfo>
    </File>
    <Config>
      <Option Name="ConstrsType" Val="XDC"/>
    </Config>
  </FileSet>
  <FileSet Name="utils" Type="Utils" RelSrcDir="$PSRCDIR/utils_1">
    <Filter Type="Utils"/>
    <File Path="$PSRCDIR/utils_1/imports/synth_1/project1_demo.dcp">
      <FileInfo>
        <Attr Name="UsedIn" Val="synthesis"/>
        <Attr Name="UsedIn" Val="implementation"/>
        <Attr Name="UsedInSteps" Val="synth_1"/>
        <Attr Name="AutoDcp" Val="1"/>
      </FileInfo>
    </File>
    <Config>
      <Option Name="TopAutoSet" Val="TRUE"/>
    </Config>
  </FileSet>
  <Strategy Version="1" Minor="2">
    <StratHandle Name="Vivado Implementation Defaults" Flow="Vivado Implementation 2022"/>
    <Step Id="init_design"/>
    <Step Id="opt_design"/>
    <Step Id="power_opt_design"/>
    <Step Id="place_design"/>
    <Step Id="post_place_power_opt_design"/>
    <Step Id="phys_opt_design"/>
    <Step Id="route_design"/>
    <Step Id="post_route_phys_opt_design"/>
    <Step Id="write_bitstream"/>
  </Strategy>
</GenRun>
