<?xml version="1.0" encoding="UTF-8"?>
<GenRun Id="impl_1" LaunchPart="xc7s50csga324-1" LaunchTime="1666945346">
  <File Type="ROUTE-PWR" Name="Digit4_Display_power_routed.rpt"/>
  <File Type="PA-TCL" Name="Digit4_Display.tcl"/>
  <File Type="BITSTR-MMI" Name="Digit4_Display.mmi"/>
  <File Type="OPT-METHODOLOGY-DRC" Name="Digit4_Display_methodology_drc_opted.rpt"/>
  <File Type="INIT-TIMING" Name="Digit4_Display_timing_summary_init.rpt"/>
  <File Type="ROUTE-PWR-SUM" Name="Digit4_Display_power_summary_routed.pb"/>
  <File Type="REPORTS-TCL" Name="Digit4_Display_reports.tcl"/>
  <File Type="OPT-TIMING" Name="Digit4_Display_timing_summary_opted.rpt"/>
  <File Type="OPT-DCP" Name="Digit4_Display_opt.dcp"/>
  <File Type="OPT-DRC" Name="Digit4_Display_drc_opted.rpt"/>
  <File Type="OPT-HWDEF" Name="Digit4_Display.hwdef"/>
  <File Type="PWROPT-DCP" Name="Digit4_Display_pwropt.dcp"/>
  <File Type="PWROPT-DRC" Name="Digit4_Display_drc_pwropted.rpt"/>
  <File Type="PWROPT-TIMING" Name="Digit4_Display_timing_summary_pwropted.rpt"/>
  <File Type="PLACE-DCP" Name="Digit4_Display_placed.dcp"/>
  <File Type="PLACE-IO" Name="Digit4_Display_io_placed.rpt"/>
  <File Type="PLACE-CLK" Name="Digit4_Display_clock_utilization_placed.rpt"/>
  <File Type="PLACE-UTIL" Name="Digit4_Display_utilization_placed.rpt"/>
  <File Type="PLACE-UTIL-PB" Name="Digit4_Display_utilization_placed.pb"/>
  <File Type="PLACE-CTRL" Name="Digit4_Display_control_sets_placed.rpt"/>
  <File Type="PLACE-SIMILARITY" Name="Digit4_Display_incremental_reuse_placed.rpt"/>
  <File Type="PLACE-PRE-SIMILARITY" Name="Digit4_Display_incremental_reuse_pre_placed.rpt"/>
  <File Type="BG-BIN" Name="Digit4_Display.bin"/>
  <File Type="PLACE-TIMING" Name="Digit4_Display_timing_summary_placed.rpt"/>
  <File Type="POSTPLACE-PWROPT-DCP" Name="Digit4_Display_postplace_pwropt.dcp"/>
  <File Type="BITSTR-MSK" Name="Digit4_Display.msk"/>
  <File Type="POSTPLACE-PWROPT-TIMING" Name="Digit4_Display_timing_summary_postplace_pwropted.rpt"/>
  <File Type="PHYSOPT-DCP" Name="Digit4_Display_physopt.dcp"/>
  <File Type="PHYSOPT-DRC" Name="Digit4_Display_drc_physopted.rpt"/>
  <File Type="BITSTR-RBT" Name="Digit4_Display.rbt"/>
  <File Type="PHYSOPT-TIMING" Name="Digit4_Display_timing_summary_physopted.rpt"/>
  <File Type="ROUTE-ERROR-DCP" Name="Digit4_Display_routed_error.dcp"/>
  <File Type="ROUTE-DCP" Name="Digit4_Display_routed.dcp"/>
  <File Type="ROUTE-BLACKBOX-DCP" Name="Digit4_Display_routed_bb.dcp"/>
  <File Type="ROUTE-DRC" Name="Digit4_Display_drc_routed.rpt"/>
  <File Type="ROUTE-DRC-PB" Name="Digit4_Display_drc_routed.pb"/>
  <File Type="ROUTE-DRC-RPX" Name="Digit4_Display_drc_routed.rpx"/>
  <File Type="ROUTE-METHODOLOGY-DRC" Name="Digit4_Display_methodology_drc_routed.rpt"/>
  <File Type="ROUTE-METHODOLOGY-DRC-RPX" Name="Digit4_Display_methodology_drc_routed.rpx"/>
  <File Type="ROUTE-METHODOLOGY-DRC-PB" Name="Digit4_Display_methodology_drc_routed.pb"/>
  <File Type="ROUTE-PWR-RPX" Name="Digit4_Display_power_routed.rpx"/>
  <File Type="ROUTE-STATUS" Name="Digit4_Display_route_status.rpt"/>
  <File Type="ROUTE-STATUS-PB" Name="Digit4_Display_route_status.pb"/>
  <File Type="ROUTE-TIMINGSUMMARY" Name="Digit4_Display_timing_summary_routed.rpt"/>
  <File Type="ROUTE-TIMING-PB" Name="Digit4_Display_timing_summary_routed.pb"/>
  <File Type="ROUTE-TIMING-RPX" Name="Digit4_Display_timing_summary_routed.rpx"/>
  <File Type="ROUTE-SIMILARITY" Name="Digit4_Display_incremental_reuse_routed.rpt"/>
  <File Type="ROUTE-CLK" Name="Digit4_Display_clock_utilization_routed.rpt"/>
  <File Type="ROUTE-BUS-SKEW" Name="Digit4_Display_bus_skew_routed.rpt"/>
  <File Type="ROUTE-BUS-SKEW-PB" Name="Digit4_Display_bus_skew_routed.pb"/>
  <File Type="ROUTE-BUS-SKEW-RPX" Name="Digit4_Display_bus_skew_routed.rpx"/>
  <File Type="POSTROUTE-PHYSOPT-DCP" Name="Digit4_Display_postroute_physopt.dcp"/>
  <File Type="POSTROUTE-PHYSOPT-BLACKBOX-DCP" Name="Digit4_Display_postroute_physopt_bb.dcp"/>
  <File Type="POSTROUTE-PHYSOPT-TIMING" Name="Digit4_Display_timing_summary_postroute_physopted.rpt"/>
  <File Type="POSTROUTE-PHYSOPT-TIMING-PB" Name="Digit4_Display_timing_summary_postroute_physopted.pb"/>
  <File Type="POSTROUTE-PHYSOPT-TIMING-RPX" Name="Digit4_Display_timing_summary_postroute_physopted.rpx"/>
  <File Type="POSTROUTE-PHYSOPT-BUS-SKEW" Name="Digit4_Display_bus_skew_postroute_physopted.rpt"/>
  <File Type="BG-BIT" Name="Digit4_Display.bit"/>
  <File Type="POSTROUTE-PHYSOPT-BUS-SKEW-PB" Name="Digit4_Display_bus_skew_postroute_physopted.pb"/>
  <File Type="POSTROUTE-PHYSOPT-BUS-SKEW-RPX" Name="Digit4_Display_bus_skew_postroute_physopted.rpx"/>
  <File Type="BITSTR-NKY" Name="Digit4_Display.nky"/>
  <File Type="BITSTR-BMM" Name="Digit4_Display_bd.bmm"/>
  <File Type="PDI-FILE" Name="Digit4_Display.pdi"/>
  <File Type="RCFI_FILE" Name="Digit4_Display.rcfi"/>
  <File Type="CFI_FILE" Name="Digit4_Display.cfi"/>
  <File Type="RNPI_FILE" Name="Digit4_Display.rnpi"/>
  <File Type="NPI_FILE" Name="Digit4_Display.npi"/>
  <File Type="RBD_FILE" Name="Digit4_Display.rbd"/>
  <File Type="BITSTR-LTX" Name="debug_nets.ltx"/>
  <File Type="BITSTR-LTX" Name="Digit4_Display.ltx"/>
  <File Type="BITSTR-SYSDEF" Name="Digit4_Display.sysdef"/>
  <File Type="BG-BGN" Name="Digit4_Display.bgn"/>
  <File Type="BG-DRC" Name="Digit4_Display.drc"/>
  <File Type="RDI-RDI" Name="Digit4_Display.vdi"/>
  <File Type="WBT-USG" Name="usage_statistics_webtalk.html"/>
  <File Type="ROUTE-RQS" Name="Digit4_Display_routed.rqs"/>
  <File Type="POSTROUTE-PHYSOPT-RQS" Name="Digit4_Display_postroute_physopted.rqs"/>
  <File Type="ROUTE-RQS-RPT" Name="route_report_qor_suggestions_0.rpt"/>
  <File Type="POSTROUTE-PHYSOPT-RQS-RPT" Name="postroute_physopt_report_qor_suggestions_0.rpt"/>
  <FileSet Name="sources" Type="DesignSrcs" RelSrcDir="$PSRCDIR/sources_1" RelGenDir="$PGENDIR/sources_1">
    <Filter Type="Srcs"/>
    <File Path="$PSRCDIR/sources_1/new/CNT_2bits.vhd">
      <FileInfo>
        <Attr Name="UsedIn" Val="synthesis"/>
        <Attr Name="UsedIn" Val="simulation"/>
      </FileInfo>
    </File>
    <File Path="$PSRCDIR/sources_1/new/Seg7_Decoder.vhd">
      <FileInfo>
        <Attr Name="UsedIn" Val="synthesis"/>
        <Attr Name="UsedIn" Val="simulation"/>
      </FileInfo>
    </File>
    <File Path="$PSRCDIR/sources_1/new/Seg7_Display.vhd">
      <FileInfo>
        <Attr Name="UsedIn" Val="synthesis"/>
        <Attr Name="UsedIn" Val="simulation"/>
      </FileInfo>
    </File>
    <File Path="$PSRCDIR/sources_1/new/clk_div.vhd">
      <FileInfo>
        <Attr Name="UsedIn" Val="synthesis"/>
        <Attr Name="UsedIn" Val="simulation"/>
      </FileInfo>
    </File>
    <File Path="$PSRCDIR/sources_1/new/decoder2to4.vhd">
      <FileInfo>
        <Attr Name="UsedIn" Val="synthesis"/>
        <Attr Name="UsedIn" Val="simulation"/>
      </FileInfo>
    </File>
    <File Path="$PSRCDIR/sources_1/new/mux_4b_4to1.vhd">
      <FileInfo>
        <Attr Name="UsedIn" Val="synthesis"/>
        <Attr Name="UsedIn" Val="simulation"/>
      </FileInfo>
    </File>
    <File Path="$PSRCDIR/sources_1/new/mux_4v_4to1.vhd">
      <FileInfo>
        <Attr Name="UsedIn" Val="synthesis"/>
        <Attr Name="UsedIn" Val="simulation"/>
      </FileInfo>
    </File>
    <File Path="$PSRCDIR/sources_1/new/Digit4_Display.vhd">
      <FileInfo>
        <Attr Name="UsedIn" Val="synthesis"/>
        <Attr Name="UsedIn" Val="simulation"/>
      </FileInfo>
    </File>
    <Config>
      <Option Name="DesignMode" Val="RTL"/>
      <Option Name="TopModule" Val="Digit4_Display"/>
      <Option Name="TopAutoSet" Val="TRUE"/>
    </Config>
  </FileSet>
  <FileSet Name="constrs_in" Type="Constrs" RelSrcDir="$PSRCDIR/constrs_1">
    <Filter Type="Constrs"/>
    <File Path="$PSRCDIR/constrs_1/imports/Downloads/project1.xdc">
      <FileInfo>
        <Attr Name="ImportPath" Val="$PPRDIR/../../Downloads/project1.xdc"/>
        <Attr Name="ImportTime" Val="1664519375"/>
        <Attr Name="UsedIn" Val="synthesis"/>
        <Attr Name="UsedIn" Val="implementation"/>
      </FileInfo>
    </File>
    <Config>
      <Option Name="ConstrsType" Val="XDC"/>
    </Config>
  </FileSet>
  <FileSet Name="utils" Type="Utils" RelSrcDir="$PSRCDIR/utils_1">
    <Filter Type="Utils"/>
    <File Path="$PSRCDIR/utils_1/imports/synth_1/project1_demo.dcp">
      <FileInfo>
        <Attr Name="UsedIn" Val="synthesis"/>
        <Attr Name="UsedIn" Val="implementation"/>
        <Attr Name="UsedInSteps" Val="synth_1"/>
        <Attr Name="AutoDcp" Val="1"/>
      </FileInfo>
    </File>
    <Config>
      <Option Name="TopAutoSet" Val="TRUE"/>
    </Config>
  </FileSet>
  <Strategy Version="1" Minor="2">
    <StratHandle Name="Vivado Implementation Defaults" Flow="Vivado Implementation 2022"/>
    <Step Id="init_design"/>
    <Step Id="opt_design"/>
    <Step Id="power_opt_design"/>
    <Step Id="place_design"/>
    <Step Id="post_place_power_opt_design"/>
    <Step Id="phys_opt_design"/>
    <Step Id="route_design"/>
    <Step Id="post_route_phys_opt_design"/>
    <Step Id="write_bitstream"/>
  </Strategy>
</GenRun>
