<?xml version="1.0" encoding="UTF-8"?>
<GenRun Id="impl_1" LaunchPart="xc7s50csga324-1" LaunchTime="1667734058">
  <File Type="ROUTE-PWR" Name="T_FLIP_FLOP_BD_power_routed.rpt"/>
  <File Type="PA-TCL" Name="T_FLIP_FLOP_BD.tcl"/>
  <File Type="BITSTR-MMI" Name="T_FLIP_FLOP_BD.mmi"/>
  <File Type="OPT-METHODOLOGY-DRC" Name="T_FLIP_FLOP_BD_methodology_drc_opted.rpt"/>
  <File Type="INIT-TIMING" Name="T_FLIP_FLOP_BD_timing_summary_init.rpt"/>
  <File Type="ROUTE-PWR-SUM" Name="T_FLIP_FLOP_BD_power_summary_routed.pb"/>
  <File Type="REPORTS-TCL" Name="T_FLIP_FLOP_BD_reports.tcl"/>
  <File Type="OPT-TIMING" Name="T_FLIP_FLOP_BD_timing_summary_opted.rpt"/>
  <File Type="OPT-DCP" Name="T_FLIP_FLOP_BD_opt.dcp"/>
  <File Type="OPT-DRC" Name="T_FLIP_FLOP_BD_drc_opted.rpt"/>
  <File Type="OPT-HWDEF" Name="T_FLIP_FLOP_BD.hwdef"/>
  <File Type="PWROPT-DCP" Name="T_FLIP_FLOP_BD_pwropt.dcp"/>
  <File Type="PWROPT-DRC" Name="T_FLIP_FLOP_BD_drc_pwropted.rpt"/>
  <File Type="PWROPT-TIMING" Name="T_FLIP_FLOP_BD_timing_summary_pwropted.rpt"/>
  <File Type="PLACE-DCP" Name="T_FLIP_FLOP_BD_placed.dcp"/>
  <File Type="PLACE-IO" Name="T_FLIP_FLOP_BD_io_placed.rpt"/>
  <File Type="PLACE-CLK" Name="T_FLIP_FLOP_BD_clock_utilization_placed.rpt"/>
  <File Type="PLACE-UTIL" Name="T_FLIP_FLOP_BD_utilization_placed.rpt"/>
  <File Type="PLACE-UTIL-PB" Name="T_FLIP_FLOP_BD_utilization_placed.pb"/>
  <File Type="PLACE-CTRL" Name="T_FLIP_FLOP_BD_control_sets_placed.rpt"/>
  <File Type="PLACE-SIMILARITY" Name="T_FLIP_FLOP_BD_incremental_reuse_placed.rpt"/>
  <File Type="PLACE-PRE-SIMILARITY" Name="T_FLIP_FLOP_BD_incremental_reuse_pre_placed.rpt"/>
  <File Type="BG-BIN" Name="T_FLIP_FLOP_BD.bin"/>
  <File Type="PLACE-TIMING" Name="T_FLIP_FLOP_BD_timing_summary_placed.rpt"/>
  <File Type="POSTPLACE-PWROPT-DCP" Name="T_FLIP_FLOP_BD_postplace_pwropt.dcp"/>
  <File Type="BITSTR-MSK" Name="T_FLIP_FLOP_BD.msk"/>
  <File Type="POSTPLACE-PWROPT-TIMING" Name="T_FLIP_FLOP_BD_timing_summary_postplace_pwropted.rpt"/>
  <File Type="PHYSOPT-DCP" Name="T_FLIP_FLOP_BD_physopt.dcp"/>
  <File Type="PHYSOPT-DRC" Name="T_FLIP_FLOP_BD_drc_physopted.rpt"/>
  <File Type="BITSTR-RBT" Name="T_FLIP_FLOP_BD.rbt"/>
  <File Type="PHYSOPT-TIMING" Name="T_FLIP_FLOP_BD_timing_summary_physopted.rpt"/>
  <File Type="ROUTE-ERROR-DCP" Name="T_FLIP_FLOP_BD_routed_error.dcp"/>
  <File Type="ROUTE-DCP" Name="T_FLIP_FLOP_BD_routed.dcp"/>
  <File Type="ROUTE-BLACKBOX-DCP" Name="T_FLIP_FLOP_BD_routed_bb.dcp"/>
  <File Type="ROUTE-DRC" Name="T_FLIP_FLOP_BD_drc_routed.rpt"/>
  <File Type="ROUTE-DRC-PB" Name="T_FLIP_FLOP_BD_drc_routed.pb"/>
  <File Type="ROUTE-DRC-RPX" Name="T_FLIP_FLOP_BD_drc_routed.rpx"/>
  <File Type="ROUTE-METHODOLOGY-DRC" Name="T_FLIP_FLOP_BD_methodology_drc_routed.rpt"/>
  <File Type="ROUTE-METHODOLOGY-DRC-RPX" Name="T_FLIP_FLOP_BD_methodology_drc_routed.rpx"/>
  <File Type="ROUTE-METHODOLOGY-DRC-PB" Name="T_FLIP_FLOP_BD_methodology_drc_routed.pb"/>
  <File Type="ROUTE-PWR-RPX" Name="T_FLIP_FLOP_BD_power_routed.rpx"/>
  <File Type="ROUTE-STATUS" Name="T_FLIP_FLOP_BD_route_status.rpt"/>
  <File Type="ROUTE-STATUS-PB" Name="T_FLIP_FLOP_BD_route_status.pb"/>
  <File Type="ROUTE-TIMINGSUMMARY" Name="T_FLIP_FLOP_BD_timing_summary_routed.rpt"/>
  <File Type="ROUTE-TIMING-PB" Name="T_FLIP_FLOP_BD_timing_summary_routed.pb"/>
  <File Type="ROUTE-TIMING-RPX" Name="T_FLIP_FLOP_BD_timing_summary_routed.rpx"/>
  <File Type="ROUTE-SIMILARITY" Name="T_FLIP_FLOP_BD_incremental_reuse_routed.rpt"/>
  <File Type="ROUTE-CLK" Name="T_FLIP_FLOP_BD_clock_utilization_routed.rpt"/>
  <File Type="ROUTE-BUS-SKEW" Name="T_FLIP_FLOP_BD_bus_skew_routed.rpt"/>
  <File Type="ROUTE-BUS-SKEW-PB" Name="T_FLIP_FLOP_BD_bus_skew_routed.pb"/>
  <File Type="ROUTE-BUS-SKEW-RPX" Name="T_FLIP_FLOP_BD_bus_skew_routed.rpx"/>
  <File Type="POSTROUTE-PHYSOPT-DCP" Name="T_FLIP_FLOP_BD_postroute_physopt.dcp"/>
  <File Type="POSTROUTE-PHYSOPT-BLACKBOX-DCP" Name="T_FLIP_FLOP_BD_postroute_physopt_bb.dcp"/>
  <File Type="POSTROUTE-PHYSOPT-TIMING" Name="T_FLIP_FLOP_BD_timing_summary_postroute_physopted.rpt"/>
  <File Type="POSTROUTE-PHYSOPT-TIMING-PB" Name="T_FLIP_FLOP_BD_timing_summary_postroute_physopted.pb"/>
  <File Type="POSTROUTE-PHYSOPT-TIMING-RPX" Name="T_FLIP_FLOP_BD_timing_summary_postroute_physopted.rpx"/>
  <File Type="POSTROUTE-PHYSOPT-BUS-SKEW" Name="T_FLIP_FLOP_BD_bus_skew_postroute_physopted.rpt"/>
  <File Type="BG-BIT" Name="T_FLIP_FLOP_BD.bit"/>
  <File Type="POSTROUTE-PHYSOPT-BUS-SKEW-PB" Name="T_FLIP_FLOP_BD_bus_skew_postroute_physopted.pb"/>
  <File Type="POSTROUTE-PHYSOPT-BUS-SKEW-RPX" Name="T_FLIP_FLOP_BD_bus_skew_postroute_physopted.rpx"/>
  <File Type="BITSTR-NKY" Name="T_FLIP_FLOP_BD.nky"/>
  <File Type="BITSTR-BMM" Name="T_FLIP_FLOP_BD_bd.bmm"/>
  <File Type="PDI-FILE" Name="T_FLIP_FLOP_BD.pdi"/>
  <File Type="RCFI_FILE" Name="T_FLIP_FLOP_BD.rcfi"/>
  <File Type="CFI_FILE" Name="T_FLIP_FLOP_BD.cfi"/>
  <File Type="RNPI_FILE" Name="T_FLIP_FLOP_BD.rnpi"/>
  <File Type="NPI_FILE" Name="T_FLIP_FLOP_BD.npi"/>
  <File Type="RBD_FILE" Name="T_FLIP_FLOP_BD.rbd"/>
  <File Type="BITSTR-LTX" Name="debug_nets.ltx"/>
  <File Type="BITSTR-LTX" Name="T_FLIP_FLOP_BD.ltx"/>
  <File Type="BITSTR-SYSDEF" Name="T_FLIP_FLOP_BD.sysdef"/>
  <File Type="BG-BGN" Name="T_FLIP_FLOP_BD.bgn"/>
  <File Type="BG-DRC" Name="T_FLIP_FLOP_BD.drc"/>
  <File Type="RDI-RDI" Name="T_FLIP_FLOP_BD.vdi"/>
  <File Type="WBT-USG" Name="usage_statistics_webtalk.html"/>
  <File Type="ROUTE-RQS" Name="T_FLIP_FLOP_BD_routed.rqs"/>
  <File Type="POSTROUTE-PHYSOPT-RQS" Name="T_FLIP_FLOP_BD_postroute_physopted.rqs"/>
  <File Type="ROUTE-RQS-RPT" Name="route_report_qor_suggestions_0.rpt"/>
  <File Type="POSTROUTE-PHYSOPT-RQS-RPT" Name="postroute_physopt_report_qor_suggestions_0.rpt"/>
  <FileSet Name="sources" Type="DesignSrcs" RelSrcDir="$PSRCDIR/sources_1" RelGenDir="$PGENDIR/sources_1">
    <Filter Type="Srcs"/>
    <File Path="$PSRCDIR/sources_1/new/clk_div.vhd">
      <FileInfo>
        <Attr Name="UsedIn" Val="synthesis"/>
        <Attr Name="UsedIn" Val="simulation"/>
      </FileInfo>
    </File>
    <File Path="$PSRCDIR/sources_1/new/T_FLIP_FLOP_BD.vhd">
      <FileInfo>
        <Attr Name="UsedIn" Val="synthesis"/>
        <Attr Name="UsedIn" Val="simulation"/>
      </FileInfo>
    </File>
    <File Path="$PSRCDIR/sources_1/new/JK_FLIP_FLOP_BD.vhd">
      <FileInfo>
        <Attr Name="AutoDisabled" Val="1"/>
        <Attr Name="UsedIn" Val="synthesis"/>
        <Attr Name="UsedIn" Val="simulation"/>
      </FileInfo>
    </File>
    <File Path="$PSRCDIR/sources_1/new/D_FLIP_FLOP_BD.vhd">
      <FileInfo>
        <Attr Name="AutoDisabled" Val="1"/>
        <Attr Name="UsedIn" Val="synthesis"/>
        <Attr Name="UsedIn" Val="simulation"/>
      </FileInfo>
    </File>
    <File Path="$PSRCDIR/sources_1/new/D_FLIP_FLOP.vhd">
      <FileInfo>
        <Attr Name="AutoDisabled" Val="1"/>
        <Attr Name="UsedIn" Val="synthesis"/>
        <Attr Name="UsedIn" Val="simulation"/>
      </FileInfo>
    </File>
    <File Path="$PSRCDIR/sources_1/new/JK_FLIP_FLOP.vhd">
      <FileInfo>
        <Attr Name="AutoDisabled" Val="1"/>
        <Attr Name="UsedIn" Val="synthesis"/>
        <Attr Name="UsedIn" Val="simulation"/>
      </FileInfo>
    </File>
    <File Path="$PSRCDIR/sources_1/new/T_FLIP_FLOP.vhd">
      <FileInfo>
        <Attr Name="AutoDisabled" Val="1"/>
        <Attr Name="UsedIn" Val="synthesis"/>
        <Attr Name="UsedIn" Val="simulation"/>
      </FileInfo>
    </File>
    <Config>
      <Option Name="DesignMode" Val="RTL"/>
      <Option Name="TopModule" Val="T_FLIP_FLOP_BD"/>
    </Config>
  </FileSet>
  <FileSet Name="constrs_in" Type="Constrs" RelSrcDir="$PSRCDIR/constrs_1">
    <Filter Type="Constrs"/>
    <File Path="$PSRCDIR/constrs_1/imports/Downloads/project1.xdc">
      <FileInfo>
        <Attr Name="ImportPath" Val="$PPRDIR/../../Downloads/project1.xdc"/>
        <Attr Name="ImportTime" Val="1664519375"/>
        <Attr Name="UsedIn" Val="synthesis"/>
        <Attr Name="UsedIn" Val="implementation"/>
      </FileInfo>
    </File>
    <Config>
      <Option Name="ConstrsType" Val="XDC"/>
    </Config>
  </FileSet>
  <FileSet Name="utils" Type="Utils" RelSrcDir="$PSRCDIR/utils_1">
    <Filter Type="Utils"/>
    <File Path="$PSRCDIR/utils_1/imports/synth_1/project1_demo.dcp">
      <FileInfo>
        <Attr Name="UsedIn" Val="synthesis"/>
        <Attr Name="UsedIn" Val="implementation"/>
        <Attr Name="UsedInSteps" Val="synth_1"/>
        <Attr Name="AutoDcp" Val="1"/>
      </FileInfo>
    </File>
    <Config>
      <Option Name="TopAutoSet" Val="TRUE"/>
    </Config>
  </FileSet>
  <Strategy Version="1" Minor="2">
    <StratHandle Name="Vivado Implementation Defaults" Flow="Vivado Implementation 2022"/>
    <Step Id="init_design"/>
    <Step Id="opt_design"/>
    <Step Id="power_opt_design"/>
    <Step Id="place_design"/>
    <Step Id="post_place_power_opt_design"/>
    <Step Id="phys_opt_design"/>
    <Step Id="route_design"/>
    <Step Id="post_route_phys_opt_design"/>
    <Step Id="write_bitstream"/>
  </Strategy>
</GenRun>
